locationId,locationName,pm01,pm02,pm10,pm01_corrected,pm02_corrected,pm10_corrected,pm003Count,atmp,rhum,rco2,atmp_corrected,rhum_corrected,rco2_corrected,tvoc,wifi,timestamp,serialno,model,firmwareVersion,tvocIndex,noxIndex,datapoints
89441,Université de Thiès,0.0,0.5425,1.3775,0.0,0.5425,1.3775,175.5425,30.7,49.975,401.0825,31.1,70.0,401.0825,41.548668,-56.75,2025-07-28T00:00:00.000Z,34b7daa1e1b0,O-1PST,3.3.9,41.0,1.0,4
89441,Université de Thiès,0.034,0.366,0.70000005,0.034,0.366,0.70000005,187.198,30.68,49.89,400.868,31.1,70.0,400.868,53.32535,-57.2,2025-07-28T00:05:00.000Z,34b7daa1e1b0,O-1PST,3.3.9,54.948,1.0,5
89441,Université de Thiès,0.0,0.53400004,0.90000004,0.0,0.53400004,0.90000004,177.232,30.648,49.904,402.4,31.06,70.0,402.4,42.120235,-57.6,2025-07-28T00:10:00.000Z,34b7daa1e1b0,O-1PST,3.3.9,41.684,1.0,5
89441,Université de Thiès,0.0,0.368,1.232,0.0,0.368,1.232,183.5,30.604,50.004,400.866,31.0,70.2,400.866,40.058407,-56.8,2025-07-28T00:15:00.000Z,34b7daa1e1b0,O-1PST,3.3.9,39.2,1.0,5
89441,Université de Thiès,0.0,0.568,1.098,0.0,0.568,1.098,194.6,30.6,50.174,399.46802,31.0,70.4,399.46802,46.78017,-56.6,2025-07-28T00:20:00.000Z,34b7daa1e1b0,O-1PST,3.3.9,47.098,1.0,5
89441,Université de Thiès,0.0,1.5,2.232,0.0,1.5,2.232,193.966,30.584,50.288002,398.934,31.0,71.0,398.934,58.49922,-56.4,2025-07-28T00:25:00.000Z,34b7daa1e1b0,O-1PST,3.3.9,60.916,1.0,5
89441,Université de Thiès,0.0,0.5825,0.9975,0.0,0.5825,0.9975,190.375,30.6,50.265,398.9175,31.0,71.0,398.9175,57.194305,-56.5,2025-07-28T00:30:00.000Z,34b7daa1e1b0,O-1PST,3.3.9,59.46,1.0,4
89441,Université de Thiès,0.16600001,1.0320001,1.898,0.16600001,1.0320001,1.898,210.698,30.596,50.312,398.6,31.0,71.0,398.6,57.765907,-56.6,2025-07-28T00:35:00.000Z,34b7daa1e1b0,O-1PST,3.3.9,60.116,1.0,5
89441,Université de Thiès,0.0,0.802,2.234,0.0,0.802,2.234,196.598,30.594,50.274,398.534,31.0,71.0,398.534,53.974953,-56.8,2025-07-28T00:40:00.000Z,34b7daa1e1b0,O-1PST,3.3.9,55.684,1.0,5
89441,Université de Thiès,0.0,1.0,1.632,0.0,1.0,1.632,197.134,30.596,50.232,398.6,31.0,70.6,398.6,59.143864,-56.8,2025-07-28T00:45:00.000Z,34b7daa1e1b0,O-1PST,3.3.9,61.7,1.0,5
89441,Université de Thiès,0.0,0.3,0.666,0.0,0.3,0.666,168.0,30.582,50.298,399.4,31.0,71.0,399.4,53.86455,-56.8,2025-07-28T00:50:00.000Z,34b7daa1e1b0,O-1PST,3.3.9,55.584,1.0,5
89441,Université de Thiès,0.066,0.9,1.3,0.066,0.9,1.3,187.366,30.578,50.44,398.732,31.0,71.0,398.732,58.02643,-56.2,2025-07-28T00:55:00.000Z,34b7daa1e1b0,O-1PST,3.3.9,60.334,1.0,5
89441,Université de Thiès,0.066,0.6,1.768,0.066,0.6,1.768,214.934,30.528,50.356,399.266,30.92,71.0,399.266,52.95483,-56.6,2025-07-28T01:00:00.000Z,34b7daa1e1b0,O-1PST,3.3.9,54.468,1.0,5
89441,Université de Thiès,0.0,0.5825,1.625,0.0,0.5825,1.625,187.6675,30.505001,50.48,399.58502,30.9,71.0,399.58502,46.532066,-57.5,2025-07-28T01:05:00.000Z,34b7daa1e1b0,O-1PST,3.3.9,46.96,1.0,4
89441,Université de Thiès,0.0,1.066,1.566,0.0,1.066,1.566,196.534,30.5,50.504,399.334,30.9,71.0,399.334,50.79073,-56.4,2025-07-28T01:10:00.000Z,34b7daa1e1b0,O-1PST,3.3.9,51.982002,1.0,5
89441,Université de Thiès,0.0,1.368,2.002,0.0,1.368,2.002,193.4,30.5,50.514,400.268,30.9,71.0,400.268,45.868507,-57.0,2025-07-28T01:15:00.000Z,34b7daa1e1b0,O-1PST,3.3.9,46.166,1.0,5
89441,Université de Thiès,0.0,1.4319999,1.998,0.0,1.4319999,1.998,215.7,30.5,50.614,400.4,30.9,71.0,400.4,47.36391,-56.4,2025-07-28T01:20:00.000Z,34b7daa1e1b0,O-1PST,3.3.9,47.816,1.0,5
89441,Université de Thiès,0.0,0.966,1.668,0.0,0.966,1.668,193.332,30.5,50.626,399.2,30.9,71.0,399.2,51.15769,-57.0,2025-07-28T01:25:00.000Z,34b7daa1e1b0,O-1PST,3.3.9,52.418,1.0,5
89441,Université de Thiès,0.0,0.634,1.2,0.0,0.634,1.2,197.866,30.496,50.736,399.0,30.9,71.0,399.0,45.765327,-56.8,2025-07-28T01:30:00.000Z,34b7daa1e1b0,O-1PST,3.3.9,46.05,1.0,5
89441,Université de Thiès,0.0,1.198,1.932,0.0,1.198,1.932,213.468,30.486,50.702,401.0,30.88,71.0,401.0,44.034508,-57.0,2025-07-28T01:35:00.000Z,34b7daa1e1b0,O-1PST,3.3.9,43.984,1.0,5
89441,Université de Thiès,0.0,0.71,1.21,0.0,0.71,1.21,217.70999,30.42,50.83,400.5825,30.8,71.0,400.5825,46.147617,-56.0,2025-07-28T01:40:00.000Z,34b7daa1e1b0,O-1PST,3.3.9,46.5,1.0,4
89441,Université de Thiès,0.0,1.6,2.566,0.0,1.6,2.566,207.198,30.41,50.914,400.666,30.8,71.4,400.666,44.368164,-56.8,2025-07-28T01:45:00.000Z,34b7daa1e1b0,O-1PST,3.3.9,44.382,1.0,5
89441,Université de Thiès,0.066,0.5,0.968,0.066,0.5,0.968,193.434,30.4,50.992,399.8,30.8,71.8,399.8,56.524414,-57.4,2025-07-28T01:50:00.000Z,34b7daa1e1b0,O-1PST,3.3.9,58.684,1.0,5
89441,Université de Thiès,0.0,1.3000001,2.236,0.0,1.3000001,2.236,211.0,30.4,51.04,401.734,30.8,71.6,401.734,49.496784,-57.0,2025-07-28T01:55:00.000Z,34b7daa1e1b0,O-1PST,3.3.9,50.468,1.0,5
89441,Université de Thiès,0.0,0.834,1.0,0.0,0.834,1.0,200.966,30.4,51.106,400.6,30.8,72.0,400.6,45.611298,-57.6,2025-07-28T02:00:00.000Z,34b7daa1e1b0,O-1PST,3.3.9,45.866,1.0,5
89441,Université de Thiès,0.066,1.734,2.734,0.066,1.734,2.734,219.5,30.4,51.09,397.666,30.8,72.0,397.666,54.762054,-56.0,2025-07-28T02:05:00.000Z,34b7daa1e1b0,O-1PST,3.3.9,56.634,1.0,5
89441,Université de Thiès,0.0,1.998,2.532,0.0,1.998,2.532,200.166,30.394,51.062,398.8,30.8,72.0,398.8,49.81845,-56.2,2025-07-28T02:10:00.000Z,34b7daa1e1b0,O-1PST,3.3.9,50.85,1.0,5
89441,Université de Thiès,0.0,0.96,1.75,0.0,0.96,1.75,221.375,30.395,51.095,398.25,30.8,72.0,398.25,50.166386,-57.0,2025-07-28T02:15:00.000Z,34b7daa1e1b0,O-1PST,3.3.9,51.25,1.0,4
89441,Université de Thiès,0.0,1.1,2.2319999,0.0,1.1,2.2319999,221.8,30.374,51.206,396.8,30.76,72.0,396.8,57.45258,-58.0,2025-07-28T02:20:00.000Z,34b7daa1e1b0,O-1PST,3.3.9,59.684,1.0,5
89441,Université de Thiès,0.034,1.6,2.466,0.034,1.6,2.466,227.7,30.328,51.254,397.866,30.720001,72.0,397.866,59.669502,-58.6,2025-07-28T02:25:00.000Z,34b7daa1e1b0,O-1PST,3.3.9,62.282,1.0,5
89441,Université de Thiès,0.0,0.99799997,1.898,0.0,0.99799997,1.898,208.332,30.3,51.296,397.6,30.7,72.0,397.6,61.28545,-56.8,2025-07-28T02:30:00.000Z,34b7daa1e1b0,O-1PST,3.3.9,64.132,1.0,5
89441,Université de Thiès,0.0,1.2,1.9,0.0,1.2,1.9,211.732,30.3,51.366,396.466,30.7,72.0,396.466,66.70805,-56.4,2025-07-28T02:35:00.000Z,34b7daa1e1b0,O-1PST,3.3.9,70.118,1.0,5
89441,Université de Thiès,0.1,1.234,2.134,0.1,1.234,2.134,217.368,30.3,51.366,399.066,30.7,72.0,399.066,48.300682,-57.8,2025-07-28T02:40:00.000Z,34b7daa1e1b0,O-1PST,3.3.9,49.05,1.0,5
89441,Université de Thiès,0.1,1.7,2.3,0.1,1.7,2.3,230.6,30.234001,51.466,399.0,30.6,72.0,399.0,45.517128,-57.4,2025-07-28T02:45:00.000Z,34b7daa1e1b0,O-1PST,3.3.9,45.75,1.0,5
89441,Université de Thiès,0.0,0.665,1.25,0.0,0.665,1.25,190.0,30.2,51.555,399.0825,30.6,72.0,399.0825,46.54973,-57.25,2025-07-28T02:50:00.000Z,34b7daa1e1b0,O-1PST,3.3.9,46.98,1.0,4
89441,Université de Thiès,0.0,1.034,1.3,0.0,1.034,1.3,213.866,30.210001,51.588,397.666,30.6,72.0,397.666,57.675854,-57.4,2025-07-28T02:55:00.000Z,34b7daa1e1b0,O-1PST,3.3.9,59.95,1.0,5
89441,Université de Thiès,0.0,1.434,1.5,0.0,1.434,1.5,207.166,30.210001,51.638,397.998,30.6,72.0,397.998,58.433033,-57.4,2025-07-28T03:00:00.000Z,34b7daa1e1b0,O-1PST,3.3.9,60.884,1.0,5
89441,Université de Thiès,0.0,1.334,2.534,0.0,1.334,2.534,198.734,30.210001,51.621998,397.866,30.6,72.0,397.866,52.482224,-56.8,2025-07-28T03:05:00.000Z,34b7daa1e1b0,O-1PST,3.3.9,53.966,1.0,5
89441,Université de Thiès,0.0,1.236,2.402,0.0,1.236,2.402,213.466,30.2,51.6,399.466,30.6,72.0,399.466,48.196476,-56.6,2025-07-28T03:10:00.000Z,34b7daa1e1b0,O-1PST,3.3.9,48.934,1.0,5
89441,Université de Thiès,0.0,1.6,1.9679999,0.0,1.6,1.9679999,209.066,30.2,51.632,400.934,30.6,72.0,400.934,42.53531,-57.2,2025-07-28T03:15:00.000Z,34b7daa1e1b0,O-1PST,3.3.9,42.184,1.0,5
89441,Université de Thiès,0.232,1.298,2.332,0.232,1.298,2.332,211.136,30.2,51.652,402.134,30.6,72.0,402.134,39.230373,-56.8,2025-07-28T03:20:00.000Z,34b7daa1e1b0,O-1PST,3.3.9,38.2,1.0,5
89441,Université de Thiès,0.0825,2.04,2.665,0.0825,2.04,2.665,222.20999,30.1875,51.6675,402.0825,30.55,72.0,402.0825,39.065197,-57.25,2025-07-28T03:25:00.000Z,34b7daa1e1b0,O-1PST,3.3.9,38.0,1.0,4
89441,Université de Thiès,0.234,2.334,3.434,0.234,2.334,3.434,251.26599,30.158,51.692,401.2,30.52,72.0,401.2,45.39749,-56.8,2025-07-28T03:30:00.000Z,34b7daa1e1b0,O-1PST,3.3.9,45.582,1.0,5
89441,Université de Thiès,0.466,3.098,3.402,0.466,3.098,3.402,279.266,30.142,51.714,401.068,30.48,72.0,401.068,58.51027,-56.4,2025-07-28T03:35:00.000Z,34b7daa1e1b0,O-1PST,3.3.9,60.966,1.0,5
89441,Université de Thiès,0.434,3.634,4.398,0.434,3.634,4.398,260.168,30.146,51.764,402.132,30.5,72.6,402.132,59.468376,-57.2,2025-07-28T03:40:00.000Z,34b7daa1e1b0,O-1PST,3.3.9,62.082,1.0,5
89441,Université de Thiès,0.0,2.132,2.698,0.0,2.132,2.698,234.866,30.1,51.822002,402.0,30.4,73.0,402.0,59.04892,-57.2,2025-07-28T03:45:00.000Z,34b7daa1e1b0,O-1PST,3.3.9,61.6,1.0,5
89441,Université de Thiès,0.134,2.7,3.332,0.134,2.7,3.332,235.768,30.1,51.778,402.134,30.4,72.8,402.134,53.70652,-57.4,2025-07-28T03:50:00.000Z,34b7daa1e1b0,O-1PST,3.3.9,55.4,1.0,5
89441,Université de Thiès,0.0,1.466,2.366,0.0,1.466,2.366,231.866,30.1,51.857998,401.666,30.4,73.0,401.666,47.07081,-57.2,2025-07-28T03:55:00.000Z,34b7daa1e1b0,O-1PST,3.3.9,47.6,1.0,5
89441,Université de Thiès,0.0,1.2475001,1.875,0.0,1.2475001,1.875,197.5425,30.095001,51.8975,401.3325,30.4,73.0,401.3325,44.204403,-57.25,2025-07-28T04:00:00.000Z,34b7daa1e1b0,O-1PST,3.3.9,44.1875,1.0,4
89441,Université de Thiès,0.0,1.868,2.532,0.0,1.868,2.532,233.7,30.074,52.003998,402.6,30.4,73.0,402.6,41.396088,-57.0,2025-07-28T04:05:00.000Z,34b7daa1e1b0,O-1PST,3.3.9,40.816,1.0,5
89441,Université de Thiès,0.0,1.8659999,3.1,0.0,1.8659999,3.1,248.40001,30.016,52.036,401.8,30.34,73.0,401.8,39.987404,-56.4,2025-07-28T04:10:00.000Z,34b7daa1e1b0,O-1PST,3.3.9,39.116,1.0,5
89441,Université de Thiès,0.2,2.1,3.166,0.2,2.1,3.166,231.636,30.0,52.082,401.8,30.3,73.0,401.8,38.735558,-57.2,2025-07-28T04:15:00.000Z,34b7daa1e1b0,O-1PST,3.3.9,37.6,1.0,5
89441,Université de Thiès,0.1,2.002,2.7680001,0.1,2.002,2.7680001,228.1,30.0,52.122,403.734,30.3,73.0,403.734,38.40592,-56.6,2025-07-28T04:20:00.000Z,34b7daa1e1b0,O-1PST,3.3.9,37.2,1.0,5
89441,Université de Thiès,0.0,2.134,3.1,0.0,2.134,3.1,230.968,30.0,52.190002,402.734,30.3,73.0,402.734,39.065197,-57.2,2025-07-28T04:25:00.000Z,34b7daa1e1b0,O-1PST,3.3.9,38.0,1.0,5
89441,Université de Thiès,0.0,2.8,3.434,0.0,2.8,3.434,263.768,30.0,52.226,402.866,30.3,73.0,402.866,39.230373,-57.6,2025-07-28T04:30:00.000Z,34b7daa1e1b0,O-1PST,3.3.9,38.2,1.0,5
89441,Université de Thiès,0.1675,2.54,3.375,0.1675,2.54,3.375,228.125,29.994999,52.2825,401.5825,30.3,73.0,401.5825,39.89108,-59.0,2025-07-28T04:35:00.000Z,34b7daa1e1b0,O-1PST,3.3.9,39.0,1.0,4
89441,Université de Thiès,0.33200002,3.134,3.334,0.33200002,3.134,3.334,269.4,29.99,52.314,402.932,30.3,73.0,402.932,39.89108,-59.4,2025-07-28T04:40:00.000Z,34b7daa1e1b0,O-1PST,3.3.9,39.0,1.0,5
89441,Université de Thiès,0.666,2.734,3.366,0.666,2.734,3.366,270.766,29.982,52.284,403.0,30.3,73.0,403.0,39.89108,-59.2,2025-07-28T04:45:00.000Z,34b7daa1e1b0,O-1PST,3.3.9,39.0,1.0,5
89441,Université de Thiès,0.0,1.632,2.434,0.0,1.632,2.434,230.26599,29.973999,52.36,403.0,30.3,73.0,403.0,39.560726,-59.0,2025-07-28T04:50:00.000Z,34b7daa1e1b0,O-1PST,3.3.9,38.6,1.0,5
89441,Université de Thiès,0.166,1.898,2.2,0.166,1.898,2.2,217.732,29.94,52.414,404.0,30.24,73.0,404.0,39.230373,-58.8,2025-07-28T04:55:00.000Z,34b7daa1e1b0,O-1PST,3.3.9,38.2,1.0,5
89441,Université de Thiès,0.366,3.066,3.7680001,0.366,3.066,3.7680001,256.9,29.9,52.446,403.8,30.2,73.0,403.8,60.290787,-58.2,2025-07-28T05:00:00.000Z,34b7daa1e1b0,O-1PST,3.3.9,62.632,1.0,5
89441,Université de Thiès,0.1,2.8,3.4,0.1,2.8,3.4,261.436,29.9,52.45,403.666,30.2,73.0,403.666,76.11051,-58.8,2025-07-28T05:05:00.000Z,34b7daa1e1b0,O-1PST,3.3.9,80.766,1.0,5
89441,Université de Thiès,0.0,2.7525,3.085,0.0,2.7525,3.085,247.0825,29.9,52.495,404.8325,30.2,73.25,404.8325,68.38519,-57.5,2025-07-28T05:10:00.000Z,34b7daa1e1b0,O-1PST,3.3.9,72.207504,1.0,4
89441,Université de Thiès,0.0,3.334,3.834,0.0,3.334,3.834,276.632,29.9,52.576,405.0,30.2,73.8,405.0,58.106956,-58.4,2025-07-28T05:15:00.000Z,34b7daa1e1b0,O-1PST,3.3.9,60.5,1.0,5
89441,Université de Thiès,0.23400001,3.33,4.134,0.23400001,3.33,4.134,289.53198,29.9,52.63,404.534,30.2,74.0,404.534,53.696926,-59.2,2025-07-28T05:20:00.000Z,34b7daa1e1b0,O-1PST,3.3.9,55.4,1.0,5
89441,Université de Thiès,1.3659999,5.568,6.668,1.3659999,5.568,6.668,343.632,29.9,52.686,403.934,30.2,74.0,403.934,53.35397,-58.8,2025-07-28T05:25:00.000Z,34b7daa1e1b0,O-1PST,3.3.9,55.0,1.0,5
89441,Université de Thiès,1.998,5.7,6.732,1.998,5.7,6.732,366.334,29.91,52.684002,405.466,30.2,74.0,405.466,55.244106,-58.4,2025-07-28T05:30:00.000Z,34b7daa1e1b0,O-1PST,3.3.9,57.2,1.0,5
89441,Université de Thiès,1.1,3.766,4.264,1.1,3.766,4.264,288.8,29.916,52.744,404.734,30.2,74.0,404.734,59.503674,-59.4,2025-07-28T05:35:00.000Z,34b7daa1e1b0,O-1PST,3.3.9,62.116,1.0,5
89441,Université de Thiès,0.166,4.368,5.334,0.166,4.368,5.334,287.60202,29.93,52.734,403.334,30.24,74.0,403.334,234.39691,-58.8,2025-07-28T05:40:00.000Z,34b7daa1e1b0,O-1PST,3.3.9,199.06601,1.0,5
89441,Université de Thiès,0.7075,2.7075,4.665,0.7075,2.7075,4.665,239.7925,29.9,51.895,403.25,30.2,72.75,403.25,164.22241,-57.75,2025-07-28T05:45:00.000Z,34b7daa1e1b0,O-1PST,3.3.9,151.105,1.0,4
89441,Université de Thiès,0.0,0.466,1.734,0.0,0.466,1.734,134.866,29.59,51.646,403.134,29.82,72.4,403.134,297.3041,-57.2,2025-07-28T05:50:00.000Z,34b7daa1e1b0,O-1PST,3.3.9,216.732,2.0,5
89441,Université de Thiès,0.0,0.034,0.266,0.0,0.034,0.266,104.766,29.098,52.398,403.60202,29.26,73.2,403.60202,511.0466,-57.4,2025-07-28T05:55:00.000Z,34b7daa1e1b0,O-1PST,3.3.9,318.5,2.0,5
89441,Université de Thiès,0.0,0.066,0.066,0.0,0.066,0.066,103.866,28.74,53.134,403.4,28.84,74.0,403.4,1073.6669,-57.2,2025-07-28T06:00:00.000Z,34b7daa1e1b0,O-1PST,3.3.9,452.45,2.0,5
89441,Université de Thiès,0.0,0.134,0.898,0.0,0.134,0.898,131.532,28.53,53.756,403.068,28.58,75.0,403.068,766.828,-58.2,2025-07-28T06:05:00.000Z,34b7daa1e1b0,O-1PST,3.3.9,396.65,2.0,5
89441,Université de Thiès,0.0,0.3,0.598,0.0,0.3,0.598,130.998,28.33,54.722,403.132,28.34,76.0,403.132,322.9426,-57.0,2025-07-28T06:10:00.000Z,34b7daa1e1b0,O-1PST,3.3.9,272.95,2.0,5
89441,Université de Thiès,0.1,0.532,0.966,0.1,0.532,0.966,147.134,28.146,54.974,404.466,28.140001,76.4,404.466,143.81561,-58.0,2025-07-28T06:15:00.000Z,34b7daa1e1b0,O-1PST,3.3.9,146.148,2.0,5
89441,Université de Thiès,5.665,9.3325,10.4575,5.665,9.3325,10.4575,528.7925,28.07,55.1025,403.25,28.05,77.0,403.25,233.85802,-57.75,2025-07-28T06:20:00.000Z,34b7daa1e1b0,O-1PST,3.3.9,201.125,2.0,4
89441,Université de Thiès,0.0,0.0,0.234,0.0,0.0,0.234,92.002,27.98,55.336,403.266,27.96,77.0,403.266,249.43811,-57.6,2025-07-28T06:25:00.000Z,34b7daa1e1b0,O-1PST,3.3.9,222.118,2.0,5
89441,Université de Thiès,0.0,0.0,0.066,0.0,0.0,0.066,89.898,27.9,55.54,408.868,27.8,77.0,408.868,979.4475,-57.0,2025-07-28T06:30:00.000Z,34b7daa1e1b0,O-1PST,3.3.9,406.632,2.0,5
89441,Université de Thiès,0.0,0.0,0.0,0.0,0.0,0.0,80.1,27.894,55.554,408.334,27.8,77.0,408.334,610.1564,-58.0,2025-07-28T06:35:00.000Z,34b7daa1e1b0,O-1PST,3.3.9,377.7,2.0,5
89441,Université de Thiès,0.0,0.066,0.066,0.0,0.066,0.066,86.966,27.92,55.798,402.2,27.88,77.6,402.2,149.56212,-58.0,2025-07-28T06:40:00.000Z,34b7daa1e1b0,O-1PST,3.3.9,147.84999,2.0,5
89441,Université de Thiès,0.0,0.0,0.3,0.0,0.0,0.3,102.136,27.9,55.86,402.6,27.8,77.6,402.6,250.48279,-58.0,2025-07-28T06:45:00.000Z,34b7daa1e1b0,O-1PST,3.3.9,219.782,2.0,5
89441,Université de Thiès,0.0,0.0,0.0,0.0,0.0,0.0,91.366,27.845999,56.302002,404.134,27.76,78.4,404.134,324.48123,-57.4,2025-07-28T06:50:00.000Z,34b7daa1e1b0,O-1PST,3.3.9,267.08398,2.0,5
89441,Université de Thiès,0.0,0.0,0.0,0.0,0.0,0.0,80.457504,27.83,56.155,403.9175,27.725,78.0,403.9175,749.63196,-57.75,2025-07-28T06:55:00.000Z,34b7daa1e1b0,O-1PST,3.3.9,427.5825,2.0,4
89441,Université de Thiès,0.0,0.0,0.066,0.0,0.0,0.066,70.132,27.9,56.18,402.268,27.8,78.0,402.268,561.72675,-58.4,2025-07-28T07:00:00.000Z,34b7daa1e1b0,O-1PST,3.3.9,376.068,2.0,5
89441,Université de Thiès,0.0,0.0,0.0,0.0,0.0,0.0,82.035995,27.94,56.34,402.066,27.88,78.0,402.066,220.9791,-57.6,2025-07-28T07:05:00.000Z,34b7daa1e1b0,O-1PST,3.3.9,204.684,2.0,5
89441,Université de Thiès,0.0,0.0,0.0,0.0,0.0,0.0,68.236,27.892,56.602,405.334,27.8,78.4,405.334,280.4389,-57.2,2025-07-28T07:10:00.000Z,34b7daa1e1b0,O-1PST,3.3.9,249.582,2.0,5
89441,Université de Thiès,0.0,0.0,0.0,0.0,0.0,0.0,77.292496,27.895,57.205,411.8325,27.8,79.25,411.8325,359.88736,-57.5,2025-07-28T07:15:00.000Z,34b7daa1e1b0,O-1PST,3.3.9,253.73,2.0,4
89441,Université de Thiès,0.0,0.0,0.0,0.0,0.0,0.0,177.67,27.5,57.77,404.0,27.4,80.0,404.0,30.362461,-57.0,2025-07-28T07:20:00.000Z,34b7daa1e1b0,O-1PST,3.3.9,27.33,1.0,2
89441,Université de Thiès,0.0,0.1675,0.625,0.0,0.1675,0.625,170.9175,27.4075,58.15,402.16498,27.25,80.75,402.16498,110.330765,-57.5,2025-07-28T07:25:00.000Z,34b7daa1e1b0,O-1PST,3.3.9,113.707504,1.5,4
89441,Université de Thiès,0.0,1.334,1.9679999,0.0,1.334,1.9679999,225.734,27.210001,58.85,404.668,27.02,81.6,404.668,104.01298,-58.0,2025-07-28T07:30:00.000Z,34b7daa1e1b0,O-1PST,3.3.9,109.466,3.2,5
89441,Université de Thiès,0.0,0.034,0.266,0.0,0.034,0.266,145.532,26.934,59.584,404.534,26.72,82.2,404.534,121.21061,-58.2,2025-07-28T07:35:00.000Z,34b7daa1e1b0,O-1PST,3.3.9,122.984,4.0,5
89441,Université de Thiès,0.0,0.066,0.19800001,0.0,0.066,0.19800001,121.634,26.686,60.329998,405.0,26.38,83.4,405.0,91.638306,-58.0,2025-07-28T07:40:00.000Z,34b7daa1e1b0,O-1PST,3.3.9,97.284,3.0,5
89441,Université de Thiès,0.0,0.0,0.066,0.0,0.0,0.066,102.634,26.574,60.638,403.8,26.279999,84.0,403.8,89.18147,-58.2,2025-07-28T07:45:00.000Z,34b7daa1e1b0,O-1PST,3.3.9,94.684,2.6,5
89441,Université de Thiès,0.0,0.0,0.0,0.0,0.0,0.0,66.8,26.5,60.698,400.334,26.2,84.0,400.334,127.41697,-58.4,2025-07-28T07:50:00.000Z,34b7daa1e1b0,O-1PST,3.3.9,129.116,2.0,5
89441,Université de Thiès,0.0,0.0,0.0,0.0,0.0,0.0,85.134,26.424,61.294,403.534,26.1,84.6,403.534,133.51031,-58.4,2025-07-28T07:55:00.000Z,34b7daa1e1b0,O-1PST,3.3.9,130.234,2.0,5
89441,Université de Thiès,0.0,0.0,0.0,0.0,0.0,0.0,87.042496,26.4225,61.455,402.9175,26.1,85.0,402.9175,119.39594,-58.25,2025-07-28T08:00:00.000Z,34b7daa1e1b0,O-1PST,3.3.9,119.292496,1.0,4
89441,Université de Thiès,0.0,0.0,0.034,0.0,0.0,0.034,108.002,26.462,61.444,403.466,26.140001,84.8,403.466,86.68023,-58.2,2025-07-28T08:05:00.000Z,34b7daa1e1b0,O-1PST,3.3.9,92.132,1.0,5
89441,Université de Thiès,0.0,0.0,0.066,0.0,0.0,0.066,115.8,26.49,61.482,402.6,26.18,85.0,402.6,130.00395,-57.8,2025-07-28T08:10:00.000Z,34b7daa1e1b0,O-1PST,3.3.9,133.082,1.0,5
89441,Université de Thiès,0.0,0.066,0.466,0.0,0.066,0.466,139.4,26.5,61.866,404.534,26.2,85.0,404.534,47.428932,-59.4,2025-07-28T08:15:00.000Z,34b7daa1e1b0,O-1PST,3.3.9,47.9,1.0,5
89441,Université de Thiès,0.0,0.90000004,1.434,0.0,0.90000004,1.434,218.0,26.5,62.298,406.932,26.2,86.0,406.932,66.9729,-60.0,2025-07-28T08:20:00.000Z,34b7daa1e1b0,O-1PST,3.3.9,70.55,1.0,5
89441,Université de Thiès,0.134,0.134,0.334,0.134,0.134,0.334,167.232,26.568,62.304,405.666,26.26,86.0,405.666,120.69943,-60.2,2025-07-28T08:25:00.000Z,34b7daa1e1b0,O-1PST,3.3.9,115.451996,1.0,5
89441,Université de Thiès,0.0425,0.335,0.4575,0.0425,0.335,0.4575,187.95999,26.6125,62.36,406.25,26.324999,85.75,406.25,253.87845,-61.75,2025-07-28T08:30:00.000Z,34b7daa1e1b0,O-1PST,3.3.9,223.70749,1.0,4
89441,Université de Thiès,0.0,0.134,0.23400001,0.0,0.134,0.23400001,126.268,26.746,62.308,407.46802,26.46,86.0,407.46802,166.61168,-57.8,2025-07-28T08:35:00.000Z,34b7daa1e1b0,O-1PST,3.3.9,162.93399,1.0,5
89441,Université de Thiès,0.034,0.034,0.034,0.034,0.034,0.034,143.934,26.88,61.738,407.334,26.66,85.2,407.334,70.56522,-57.8,2025-07-28T08:40:00.000Z,34b7daa1e1b0,O-1PST,3.3.9,74.484,1.0,5
89441,Université de Thiès,0.1675,0.58500004,0.625,0.1675,0.58500004,0.625,165.8325,26.955,62.0125,404.5,26.725,85.0,404.5,88.25527,-57.75,2025-07-28T08:45:00.000Z,34b7daa1e1b0,O-1PST,3.3.9,93.915,1.0,4
89441,Université de Thiès,0.234,1.868,2.0,0.234,1.868,2.0,266.966,27.014,62.116,406.666,26.8,85.4,406.666,264.53458,-58.4,2025-07-28T08:50:00.000Z,34b7daa1e1b0,O-1PST,3.3.9,232.418,1.0,5
89441,Université de Thiès,0.232,1.364,1.632,0.232,1.364,1.632,217.668,27.11,61.936,406.134,26.92,85.4,406.134,218.56592,-57.4,2025-07-28T08:55:00.000Z,34b7daa1e1b0,O-1PST,3.3.9,208.60199,1.0,5
89441,Université de Thiès,0.232,1.2,1.5680001,0.232,1.2,1.5680001,241.634,27.22,61.13,404.334,27.02,84.2,404.334,151.44325,-57.0,2025-07-28T09:00:00.000Z,34b7daa1e1b0,O-1PST,3.3.9,155.966,1.0,5
89441,Université de Thiès,0.0,0.066,0.33200002,0.0,0.066,0.33200002,143.6,27.336,59.656,401.934,27.16,82.4,401.934,104.08542,-57.2,2025-07-28T09:05:00.000Z,34b7daa1e1b0,O-1PST,3.3.9,109.798004,1.0,5
89441,Université de Thiès,0.0,0.2,0.468,0.0,0.2,0.468,146.166,27.4,59.216,402.934,27.2,82.0,402.934,102.422455,-58.6,2025-07-28T09:10:00.000Z,34b7daa1e1b0,O-1PST,3.3.9,108.7,1.0,5
89441,Université de Thiès,0.0,0.0825,0.33249998,0.0,0.0825,0.33249998,155.70999,27.43,59.265,406.1675,27.275,82.0,406.1675,105.26536,-58.75,2025-07-28T09:15:00.000Z,34b7daa1e1b0,O-1PST,3.3.9,111.667496,1.0,4
89441,Université de Thiès,0.0,0.168,0.168,0.0,0.168,0.168,158.666,27.494,59.211998,405.334,27.38,81.8,405.334,97.608185,-57.6,2025-07-28T09:20:00.000Z,34b7daa1e1b0,O-1PST,3.3.9,103.766,1.0,5
89441,Université de Thiès,1.768,2.402,2.9,1.768,2.402,2.9,304.33398,27.554,58.716,405.8,27.44,81.0,405.8,91.115776,-57.6,2025-07-28T09:25:00.000Z,34b7daa1e1b0,O-1PST,3.3.9,96.95,1.0,5
89441,Université de Thiès,0.134,0.468,0.468,0.134,0.468,0.468,140.268,27.686,58.298,403.934,27.58,80.6,403.934,83.770195,-58.8,2025-07-28T09:30:00.000Z,34b7daa1e1b0,O-1PST,3.3.9,88.9,1.0,5
89441,Université de Thiès,0.0,0.0,0.234,0.0,0.0,0.234,139.136,27.788,57.934002,403.868,27.7,80.0,403.868,74.06726,-58.8,2025-07-28T09:35:00.000Z,34b7daa1e1b0,O-1PST,3.3.9,78.518,1.0,5
89441,Université de Thiès,0.0,0.0,0.3,0.0,0.0,0.3,145.698,27.816,57.828,404.8,27.74,80.0,404.8,87.84778,-58.4,2025-07-28T09:40:00.000Z,34b7daa1e1b0,O-1PST,3.3.9,93.4,1.0,5
89441,Université de Thiès,0.0,0.375,0.375,0.0,0.375,0.375,166.4175,27.9175,57.8625,403.5,27.824999,80.0,403.5,100.895744,-58.0,2025-07-28T09:45:00.000Z,34b7daa1e1b0,O-1PST,3.3.9,107.19,1.0,4
89441,Université de Thiès,0.0,0.2,0.76600003,0.0,0.2,0.76600003,172.3,28.03,57.63,404.8,28.0,79.8,404.8,121.92137,-58.8,2025-07-28T09:50:00.000Z,34b7daa1e1b0,O-1PST,3.3.9,128.082,1.0,5
89441,Université de Thiès,0.0,0.234,0.43400002,0.0,0.234,0.43400002,168.2,28.07,57.739998,406.334,28.06,80.2,406.334,100.934555,-58.0,2025-07-28T09:55:00.000Z,34b7daa1e1b0,O-1PST,3.3.9,106.95,1.0,5
89441,Université de Thiès,0.0,0.0,0.066,0.0,0.0,0.066,129.666,27.996,57.762,406.932,27.98,80.2,406.932,85.84582,-57.4,2025-07-28T10:00:00.000Z,34b7daa1e1b0,O-1PST,3.3.9,91.368,1.0,5
89441,Université de Thiès,0.0,0.0,0.068,0.0,0.0,0.068,130.368,27.92,57.850002,406.134,27.84,80.0,406.134,87.99929,-58.2,2025-07-28T10:05:00.000Z,34b7daa1e1b0,O-1PST,3.3.9,93.666,1.0,5
89441,Université de Thiès,0.0,0.0,0.134,0.0,0.0,0.134,157.134,27.9,57.51,403.2,27.8,80.0,403.2,78.506935,-55.8,2025-07-28T10:10:00.000Z,34b7daa1e1b0,O-1PST,3.3.9,83.4,1.0,5
89441,Université de Thiès,0.0,0.0,0.0,0.0,0.0,0.0,166.0,27.9,57.57,402.0,27.8,80.0,402.0,75.23413,-56.0,2025-07-28T10:15:00.000Z,34b7daa1e1b0,O-1PST,3.3.9,79.83,1.0,1
89441,Université de Thiès,0.0,0.27666667,0.5,0.0,0.27666667,0.5,186.28,27.81,58.006668,399.77667,27.7,80.333336,399.77667,68.33191,-57.25,2025-07-28T10:20:00.000Z,34b7daa1e1b0,O-1PST,3.3.9,71.223335,1.0,4
89441,Université de Thiès,0.0,1.166,1.5320001,0.0,1.166,1.5320001,202.936,27.99,58.112,405.266,27.96,80.4,405.266,96.75273,-57.2,2025-07-28T10:25:00.000Z,34b7daa1e1b0,O-1PST,3.3.9,102.884,2.0,5
89441,Université de Thiès,0.0,1.534,1.734,0.0,1.534,1.734,250.0,28.25,57.472,407.2,28.24,79.8,407.2,92.56406,-56.8,2025-07-28T10:30:00.000Z,34b7daa1e1b0,O-1PST,3.3.9,98.332,2.0,5
89441,Université de Thiès,0.1,1.2,1.434,0.1,1.2,1.434,227.464,28.416,57.362,411.534,28.44,79.8,411.534,103.737495,-57.4,2025-07-28T10:35:00.000Z,34b7daa1e1b0,O-1PST,3.3.9,110.068,2.0,5
89441,Université de Thiès,0.125,1.5825,1.75,0.125,1.5825,1.75,220.0425,28.5575,57.2275,421.7475,28.625,79.25,421.7475,98.92967,-58.5,2025-07-28T10:40:00.000Z,34b7daa1e1b0,O-1PST,3.3.9,105.085,1.25,4
89441,Université de Thiès,0.0,1.068,1.3,0.0,1.068,1.3,234.498,28.754,56.328,409.2,28.84,78.2,409.2,103.226326,-57.0,2025-07-28T10:45:00.000Z,34b7daa1e1b0,O-1PST,3.3.9,109.266,1.0,5
89441,Université de Thiès,0.0,0.134,0.134,0.0,0.134,0.134,156.936,28.932,55.843998,410.8,29.06,77.6,410.8,95.13027,-57.4,2025-07-28T10:50:00.000Z,34b7daa1e1b0,O-1PST,3.3.9,101.184,1.0,5
89441,Université de Thiès,0.0,0.0,0.134,0.0,0.0,0.134,159.666,29.16,54.608,406.534,29.32,76.0,406.534,91.703384,-57.4,2025-07-28T10:55:00.000Z,34b7daa1e1b0,O-1PST,3.3.9,97.451996,1.0,5
89441,Université de Thiès,0.0,0.0,0.266,0.0,0.0,0.266,162.0,29.234,54.502,409.2,29.4,76.0,409.2,95.05932,-57.4,2025-07-28T11:00:00.000Z,34b7daa1e1b0,O-1PST,3.3.9,101.084,1.0,5
89441,Université de Thiès,0.0,0.134,0.334,0.0,0.134,0.334,185.966,29.31,53.752,403.332,29.52,75.0,403.332,105.3051,-57.2,2025-07-28T11:05:00.000Z,34b7daa1e1b0,O-1PST,3.3.9,110.6,1.0,5
89441,Université de Thiès,0.0,0.0,0.0825,0.0,0.0,0.0825,151.9175,29.3625,53.69,402.9175,29.55,74.75,402.9175,61.84989,-58.0,2025-07-28T11:10:00.000Z,34b7daa1e1b0,O-1PST,3.3.9,63.085,1.0,4
89441,Université de Thiès,0.0,0.0,0.066,0.0,0.0,0.066,151.834,29.421999,53.594,416.73602,29.62,75.0,416.73602,226.66441,-57.4,2025-07-28T11:15:00.000Z,34b7daa1e1b0,O-1PST,3.3.9,206.4,1.0,5
89441,Université de Thiès,0.0,0.1,0.1,0.0,0.1,0.1,160.066,29.542,53.738,410.334,29.76,74.8,410.334,115.554825,-57.0,2025-07-28T11:20:00.000Z,34b7daa1e1b0,O-1PST,3.3.9,117.15,1.0,5
89441,Université de Thiès,0.0,0.034,0.268,0.0,0.034,0.268,138.0,29.630001,54.166,407.866,29.88,75.6,407.866,80.679146,-57.4,2025-07-28T11:25:00.000Z,34b7daa1e1b0,O-1PST,3.3.9,85.752,1.0,5
89441,Université de Thiès,0.0,0.568,0.568,0.0,0.568,0.568,203.134,29.765999,54.666,410.332,30.06,76.0,410.332,128.54816,-57.8,2025-07-28T11:30:00.000Z,34b7daa1e1b0,O-1PST,3.3.9,133.75,1.0,5
89441,Université de Thiès,0.0,0.0,0.666,0.0,0.0,0.666,139.034,29.924,54.118,408.666,30.220001,75.4,408.666,130.19579,-57.6,2025-07-28T11:35:00.000Z,34b7daa1e1b0,O-1PST,3.3.9,135.984,1.0,5
89441,Université de Thiès,0.0,0.0,0.50200003,0.0,0.0,0.50200003,145.136,30.024,53.396,417.6,30.34,74.6,417.6,199.41417,-58.2,2025-07-28T11:40:00.000Z,34b7daa1e1b0,O-1PST,3.3.9,194.782,1.0,5
89441,Université de Thiès,0.0,0.0,0.125,0.0,0.0,0.125,147.7075,30.119999,53.495,413.0,30.45,74.75,413.0,123.695465,-57.5,2025-07-28T11:45:00.000Z,34b7daa1e1b0,O-1PST,3.3.9,128.6275,1.0,4
89441,Université de Thiès,0.0,0.066,0.19800001,0.0,0.066,0.19800001,169.532,30.2,53.722,405.2,30.6,75.0,405.2,85.74372,-57.6,2025-07-28T11:50:00.000Z,34b7daa1e1b0,O-1PST,3.3.9,90.902,1.0,5
89441,Université de Thiès,0.0,0.034,0.266,0.0,0.034,0.266,164.334,30.289999,53.448,419.666,30.66,74.6,419.666,276.06354,-57.6,2025-07-28T11:55:00.000Z,34b7daa1e1b0,O-1PST,3.3.9,230.398,1.0,5
89441,Université de Thiès,0.0,0.034,0.266,0.0,0.034,0.266,139.932,30.372,52.975998,420.8,30.76,74.0,420.8,236.09344,-59.0,2025-07-28T12:00:00.000Z,34b7daa1e1b0,O-1PST,3.3.9,222.702,1.0,5
89441,Université de Thiès,0.0,0.134,0.332,0.0,0.134,0.332,163.0,30.487999,52.814,417.734,30.9,74.2,417.734,176.50438,-57.0,2025-07-28T12:05:00.000Z,34b7daa1e1b0,O-1PST,3.3.9,176.216,1.0,5
89441,Université de Thiès,0.0,0.034,0.468,0.0,0.034,0.468,141.734,30.528,52.587997,415.134,30.92,73.6,415.134,137.05603,-57.6,2025-07-28T12:10:00.000Z,34b7daa1e1b0,O-1PST,3.3.9,142.218,1.0,5
89441,Université de Thiès,0.0,0.0,0.0425,0.0,0.0,0.0425,105.835,30.6,51.92,419.25,31.0,73.0,419.25,157.03354,-57.25,2025-07-28T12:15:00.000Z,34b7daa1e1b0,O-1PST,3.3.9,160.83499,1.0,4
89441,Université de Thiès,0.0,0.0,0.0,0.0,0.0,0.0,108.332,30.61,51.87,423.066,31.02,72.8,423.066,235.12848,-58.0,2025-07-28T12:20:00.000Z,34b7daa1e1b0,O-1PST,3.3.9,223.582,1.0,5
89441,Université de Thiès,0.0,0.0,0.134,0.0,0.0,0.134,125.6,30.702,51.99,420.668,31.12,73.0,420.668,171.75246,-57.4,2025-07-28T12:25:00.000Z,34b7daa1e1b0,O-1PST,3.3.9,171.516,1.0,5
89441,Université de Thiès,0.0,0.0,0.0,0.0,0.0,0.0,94.334,30.796,51.716,416.53198,31.279999,72.4,416.53198,126.88285,-58.0,2025-07-28T12:30:00.000Z,34b7daa1e1b0,O-1PST,3.3.9,129.484,1.0,5
89441,Université de Thiès,0.0,0.0,0.034,0.0,0.0,0.034,104.701996,30.869999,51.364,414.934,31.359999,72.0,414.934,115.98135,-57.2,2025-07-28T12:35:00.000Z,34b7daa1e1b0,O-1PST,3.3.9,118.5,1.0,5
89441,Université de Thiès,0.0,0.0,0.234,0.0,0.0,0.234,112.498,30.9,51.472,410.732,31.4,72.2,410.732,73.69852,-58.6,2025-07-28T12:40:00.000Z,34b7daa1e1b0,O-1PST,3.3.9,75.548004,1.0,5
89441,Université de Thiès,0.0,0.0,0.0425,0.0,0.0,0.0425,110.292496,30.895,51.872498,420.25,31.4,72.75,420.25,180.60718,-57.25,2025-07-28T12:45:00.000Z,34b7daa1e1b0,O-1PST,3.3.9,180.1675,1.0,4
89441,Université de Thiès,0.0,0.0,0.034,0.0,0.0,0.034,114.035995,30.982,51.798,409.866,31.48,72.4,409.866,93.58524,-57.0,2025-07-28T12:50:00.000Z,34b7daa1e1b0,O-1PST,3.3.9,98.602,1.0,5
89441,Université de Thiès,0.0,0.0,0.1,0.0,0.0,0.1,111.734,31.03,51.41,410.4,31.52,72.0,410.4,71.12211,-58.4,2025-07-28T12:55:00.000Z,34b7daa1e1b0,O-1PST,3.3.9,75.148,1.0,5
89441,Université de Thiès,0.0,0.0,0.0,0.0,0.0,0.0,134.434,31.08,51.197998,413.0,31.6,72.0,413.0,68.67215,-58.0,2025-07-28T13:00:00.000Z,34b7daa1e1b0,O-1PST,3.3.9,72.432,1.0,5
89441,Université de Thiès,0.0,0.0,0.368,0.0,0.0,0.368,141.568,31.1,51.044,410.734,31.6,71.6,410.734,82.67492,-57.6,2025-07-28T13:05:00.000Z,34b7daa1e1b0,O-1PST,3.3.9,87.568,1.0,5
89441,Université de Thiès,0.0,0.0,0.402,0.0,0.0,0.402,148.0,31.152,50.572,428.798,31.66,71.0,428.798,167.04382,-58.6,2025-07-28T13:10:00.000Z,34b7daa1e1b0,O-1PST,3.3.9,166.95,1.0,5
89441,Université de Thiès,0.0,0.1675,0.25,0.0,0.1675,0.25,192.75,31.2075,50.1025,415.0,31.725,70.25,415.0,103.60191,-58.75,2025-07-28T13:15:00.000Z,34b7daa1e1b0,O-1PST,3.3.9,109.29,1.0,4
89441,Université de Thiès,0.0,0.902,1.334,0.0,0.902,1.334,236.934,31.27,51.074,413.466,31.84,71.6,413.466,99.7135,-58.2,2025-07-28T13:20:00.000Z,34b7daa1e1b0,O-1PST,3.3.9,105.084,1.0,5
89441,Université de Thiès,0.0,0.634,0.834,0.0,0.634,0.834,194.9,31.33,51.376,410.534,31.9,72.0,410.534,100.817116,-57.8,2025-07-28T13:25:00.000Z,34b7daa1e1b0,O-1PST,3.3.9,107.05,1.0,5
89441,Université de Thiès,0.0,0.2,1.334,0.0,0.2,1.334,199.0,31.352,51.174,415.666,31.92,71.6,415.666,113.502815,-57.2,2025-07-28T13:30:00.000Z,34b7daa1e1b0,O-1PST,3.3.9,119.882,1.0,5
89441,Université de Thiès,0.066,2.1,2.536,0.066,2.1,2.536,276.266,31.336,50.947998,413.266,31.9,71.6,413.266,108.9661,-57.8,2025-07-28T13:35:00.000Z,34b7daa1e1b0,O-1PST,3.3.9,115.334,1.0,5
89441,Université de Thiès,1.5025,3.625,3.7525,1.5025,3.625,3.7525,331.03998,31.3375,50.575,409.1675,31.9,71.0,409.1675,55.99948,-58.25,2025-07-28T13:40:00.000Z,34b7daa1e1b0,O-1PST,3.3.9,57.625,1.0,4
89441,Université de Thiès,0.46600002,2.166,2.464,0.46600002,2.166,2.464,289.066,31.358,50.422,409.668,31.92,70.8,409.668,72.859474,-57.8,2025-07-28T13:45:00.000Z,34b7daa1e1b0,O-1PST,3.3.9,76.884,1.0,5
89441,Université de Thiès,0.0,1.0320001,2.066,0.0,1.0320001,2.066,243.93399,31.43,51.43,410.732,32.0,72.0,410.732,88.475006,-58.8,2025-07-28T13:50:00.000Z,34b7daa1e1b0,O-1PST,3.3.9,94.166,1.0,5
89441,Université de Thiès,0.0,0.668,1.298,0.0,0.668,1.298,236.266,31.508,50.024,407.134,32.1,70.6,407.134,67.52468,-58.6,2025-07-28T13:55:00.000Z,34b7daa1e1b0,O-1PST,3.3.9,70.516,1.0,5
89441,Université de Thiès,0.0,0.43400002,0.7,0.0,0.43400002,0.7,236.3,31.56,49.774,417.536,32.16,70.2,417.536,112.42049,-58.8,2025-07-28T14:00:00.000Z,34b7daa1e1b0,O-1PST,3.3.9,118.634,1.0,5
89441,Université de Thiès,0.0,1.466,2.234,0.0,1.466,2.234,251.4,31.624,49.84,419.266,32.22,70.2,419.266,153.92009,-58.8,2025-07-28T14:05:00.000Z,34b7daa1e1b0,O-1PST,3.3.9,157.9,1.0,5
89441,Université de Thiès,0.0,0.96,1.4175,0.0,0.96,1.4175,255.58249,31.705,50.0625,416.0825,32.3,70.0,416.0825,139.79642,-59.25,2025-07-28T14:10:00.000Z,34b7daa1e1b0,O-1PST,3.3.9,145.3125,1.0,4
89441,Université de Thiès,0.166,0.6,1.732,0.166,0.6,1.732,232.968,31.77,48.944,421.868,32.4,69.0,421.868,158.43927,-58.4,2025-07-28T14:15:00.000Z,34b7daa1e1b0,O-1PST,3.3.9,161.018,1.0,5
89441,Université de Thiès,9.466,13.868,15.63,9.466,13.868,15.63,595.736,31.793999,49.09,413.466,32.4,69.2,413.466,136.40915,-58.6,2025-07-28T14:20:00.000Z,34b7daa1e1b0,O-1PST,3.3.9,142.068,1.0,5
89441,Université de Thiès,1.3659999,2.5,2.866,1.3659999,2.5,2.866,320.168,31.844,49.358,409.53198,32.5,69.6,409.53198,86.3654,-59.8,2025-07-28T14:25:00.000Z,34b7daa1e1b0,O-1PST,3.3.9,91.4,1.0,5
89441,Université de Thiès,0.75,2.4575,2.625,0.75,2.4575,2.625,309.5025,31.935,48.8875,409.5,32.625,69.0,409.5,74.29595,-58.25,2025-07-28T14:30:00.000Z,34b7daa1e1b0,O-1PST,3.3.9,78.69,1.0,4
89441,Université de Thiès,1.068,2.766,3.468,1.068,2.766,3.468,333.502,31.984,48.246,415.668,32.64,68.2,415.668,122.424164,-58.6,2025-07-28T14:35:00.000Z,34b7daa1e1b0,O-1PST,3.3.9,128.032,1.0,5
89441,Université de Thiès,1.234,3.434,4.0,1.234,3.434,4.0,339.434,32.002,47.566,416.0,32.68,67.2,416.0,94.24505,-57.6,2025-07-28T14:40:00.000Z,34b7daa1e1b0,O-1PST,3.3.9,99.648,1.0,5
89441,Université de Thiès,1.632,3.598,3.866,1.632,3.598,3.866,376.366,32.016,47.754,422.666,32.72,67.4,422.666,135.06204,-58.2,2025-07-28T14:45:00.000Z,34b7daa1e1b0,O-1PST,3.3.9,140.632,1.0,5
89441,Université de Thiès,2.834,4.898,5.434,2.834,4.898,5.434,415.666,31.964,47.974,412.734,32.62,67.6,412.734,82.98469,-59.0,2025-07-28T14:50:00.000Z,34b7daa1e1b0,O-1PST,3.3.9,88.266,1.0,5
89441,Université de Thiès,1.3325,3.375,3.5425,1.3325,3.375,3.5425,349.7925,31.945,48.5375,413.0,32.6,68.25,413.0,108.72091,-58.5,2025-07-28T14:55:00.000Z,34b7daa1e1b0,O-1PST,3.3.9,114.542496,1.0,4
89441,Université de Thiès,1.432,2.7,3.166,1.432,2.7,3.166,312.466,31.986,48.536,414.066,32.66,68.4,414.066,120.87091,-58.4,2025-07-28T15:00:00.000Z,34b7daa1e1b0,O-1PST,3.3.9,126.8,1.0,5
89441,Université de Thiès,0.634,3.502,3.736,0.634,3.502,3.736,364.666,32.02,48.32,410.0,32.72,68.0,410.0,77.247406,-59.2,2025-07-28T15:05:00.000Z,34b7daa1e1b0,O-1PST,3.3.9,81.932,1.0,5
89441,Université de Thiès,0.966,2.666,3.2319999,0.966,2.666,3.2319999,302.7,31.984,48.186,412.46802,32.66,68.0,412.46802,110.8651,-58.2,2025-07-28T15:10:00.000Z,34b7daa1e1b0,O-1PST,3.3.9,117.316,1.0,5
89441,Université de Thiès,0.0,0.432,0.8,0.0,0.432,0.8,165.8,31.918,49.154,412.998,32.6,69.0,412.998,121.954124,-57.2,2025-07-28T15:15:00.000Z,34b7daa1e1b0,O-1PST,3.3.9,128.118,1.0,5
89441,Université de Thiès,0.0,0.0,0.066,0.0,0.0,0.066,145.6,31.92,49.739998,409.534,32.6,69.8,409.534,125.07509,-59.2,2025-07-28T15:20:00.000Z,34b7daa1e1b0,O-1PST,3.3.9,128.616,1.0,5
89441,Université de Thiès,0.0,0.415,0.7475,0.0,0.415,0.7475,174.70999,31.9075,49.475,412.91498,32.574997,69.5,412.91498,203.20654,-58.25,2025-07-28T15:25:00.000Z,34b7daa1e1b0,O-1PST,3.3.9,190.20749,1.0,4
89441,Université de Thiès,2.3,4.9,5.498,2.3,4.9,5.498,398.232,31.868,50.472,421.53198,32.52,71.2,421.53198,208.32068,-58.4,2025-07-28T15:30:00.000Z,34b7daa1e1b0,O-1PST,3.3.9,203.266,1.0,5
89441,Université de Thiès,5.8,11.5,12.902,5.8,11.5,12.902,595.36597,31.758,50.83,427.266,32.36,71.4,427.266,277.71,-57.8,2025-07-28T15:35:00.000Z,34b7daa1e1b0,O-1PST,3.3.9,250.24799,1.0,5
89441,Université de Thiès,5.534,9.334,11.398,5.534,9.334,11.398,583.566,31.646,51.722,425.73602,32.24,72.4,425.73602,531.8106,-58.6,2025-07-28T15:40:00.000Z,34b7daa1e1b0,O-1PST,3.3.9,359.934,1.0,5
89441,Université de Thiès,7.236,13.434,14.334,7.236,13.434,14.334,676.734,31.516,51.588,426.934,32.1,72.4,426.934,245.53351,-58.8,2025-07-28T15:45:00.000Z,34b7daa1e1b0,O-1PST,3.3.9,226.998,1.0,5
89441,Université de Thiès,7.625,18.75,19.4975,7.625,18.75,19.4975,675.4175,31.4075,51.692497,423.75,31.975,72.25,423.75,229.76933,-59.0,2025-07-28T15:50:00.000Z,34b7daa1e1b0,O-1PST,3.3.9,219.8775,1.0,4
89441,Université de Thiès,10.202,19.068,21.5,10.202,19.068,21.5,801.1,31.264,51.648,430.934,31.82,72.2,430.934,253.80617,-58.4,2025-07-28T15:55:00.000Z,34b7daa1e1b0,O-1PST,3.3.9,231.016,1.0,5
89441,Université de Thiès,5.666,11.6,13.768,5.666,11.6,13.768,587.1,31.16,52.182,424.068,31.68,73.2,424.068,295.5725,-58.8,2025-07-28T16:00:00.000Z,34b7daa1e1b0,O-1PST,3.3.9,242.132,1.0,5
89441,Université de Thiès,6.232,11.134,11.834,6.232,11.134,11.834,596.83203,31.06,52.662,426.134,31.58,73.8,426.134,689.69403,-59.0,2025-07-28T16:05:00.000Z,34b7daa1e1b0,O-1PST,3.3.9,404.85202,1.0,5
89441,Université de Thiès,7.366,16.0,17.2,7.366,16.0,17.2,667.4,30.98,52.926,424.734,31.46,74.0,424.734,331.11713,-58.4,2025-07-28T16:10:00.000Z,34b7daa1e1b0,O-1PST,3.3.9,283.31598,1.0,5
89441,Université de Thiès,6.866,14.5,17.434,6.866,14.5,17.434,657.002,30.956,52.974,426.934,31.44,73.8,426.934,204.59628,-59.0,2025-07-28T16:15:00.000Z,34b7daa1e1b0,O-1PST,3.3.9,195.032,1.0,5
89441,Université de Thiès,8.4575,18.29,20.4175,8.4575,18.29,20.4175,743.3725,30.9875,53.3125,417.25,31.5,74.5,417.25,298.51123,-58.75,2025-07-28T16:20:00.000Z,34b7daa1e1b0,O-1PST,3.3.9,258.4375,1.0,4
89441,Université de Thiès,8.1,15.732,17.566,8.1,15.732,17.566,676.368,31.064,52.211998,434.0,31.58,73.0,434.0,431.46906,-58.4,2025-07-28T16:25:00.000Z,34b7daa1e1b0,O-1PST,3.3.9,333.068,1.0,5
89441,Université de Thiès,7.366,15.766,17.832,7.366,15.766,17.832,694.132,31.1,51.868,437.734,31.6,72.6,437.734,442.34497,-59.6,2025-07-28T16:30:00.000Z,34b7daa1e1b0,O-1PST,3.3.9,336.668,1.0,5
89441,Université de Thiès,8.968,18.4,20.27,8.968,18.4,20.27,784.166,31.064,51.798,432.866,31.58,72.6,432.866,380.83868,-59.0,2025-07-28T16:35:00.000Z,34b7daa1e1b0,O-1PST,3.3.9,310.732,1.0,5
89441,Université de Thiès,10.625,19.75,20.7925,10.625,19.75,20.7925,737.25,31.0,51.7775,432.4175,31.5,72.25,432.4175,319.94757,-59.0,2025-07-28T16:40:00.000Z,34b7daa1e1b0,O-1PST,3.3.9,278.1225,1.0,4
89441,Université de Thiès,6.566,11.534,14.334,6.566,11.534,14.334,634.734,30.987999,51.578,437.2,31.5,72.2,437.2,383.36578,-58.8,2025-07-28T16:45:00.000Z,34b7daa1e1b0,O-1PST,3.3.9,312.084,1.0,5
89441,Université de Thiès,5.434,9.568,11.9,5.434,9.568,11.9,560.302,31.01,52.154,432.134,31.5,72.8,432.134,324.75534,-59.8,2025-07-28T16:50:00.000Z,34b7daa1e1b0,O-1PST,3.3.9,277.964,1.0,5
89441,Université de Thiès,6.466,11.534,12.266,6.466,11.534,12.266,597.934,31.016,52.166,429.4,31.5,73.0,429.4,262.65237,-59.6,2025-07-28T16:55:00.000Z,34b7daa1e1b0,O-1PST,3.3.9,241.668,1.0,5
89441,Université de Thiès,5.902,11.2,13.532,5.902,11.2,13.532,608.068,31.002,51.534,443.066,31.5,72.2,443.066,386.50037,-59.6,2025-07-28T17:00:00.000Z,34b7daa1e1b0,O-1PST,3.3.9,311.198,1.0,5
89441,Université de Thiès,4.71,8.585,9.377501,4.71,8.585,9.377501,533.25,30.967499,51.78,436.75,31.475,72.75,436.75,288.52182,-59.25,2025-07-28T17:05:00.000Z,34b7daa1e1b0,O-1PST,3.3.9,259.1875,1.0,4
89441,Université de Thiès,4.332,7.568,8.666,4.332,7.568,8.666,476.966,30.907999,51.756,437.4,31.4,72.4,437.4,338.34195,-60.0,2025-07-28T17:10:00.000Z,34b7daa1e1b0,O-1PST,3.3.9,286.332,1.0,5
89441,Université de Thiès,3.468,6.366,6.998,3.468,6.366,6.998,457.166,30.9,51.822,435.866,31.4,72.6,435.866,366.86548,-59.2,2025-07-28T17:15:00.000Z,34b7daa1e1b0,O-1PST,3.3.9,302.268,1.0,5
89441,Université de Thiès,3.064,6.2,7.034,3.064,6.2,7.034,433.366,30.904,51.316,442.2,31.4,72.0,442.2,405.78296,-59.4,2025-07-28T17:20:00.000Z,34b7daa1e1b0,O-1PST,3.3.9,322.916,1.0,5
89441,Université de Thiès,1.898,5.1,5.602,1.898,5.1,5.602,381.268,30.896,51.63,430.2,31.4,72.2,430.2,292.61194,-60.6,2025-07-28T17:25:00.000Z,34b7daa1e1b0,O-1PST,3.3.9,256.9,1.0,5
89441,Université de Thiès,2.415,4.7525,5.0825,2.415,4.7525,5.0825,369.66498,30.895,51.6575,423.5,31.4,72.5,423.5,229.52686,-59.5,2025-07-28T17:30:00.000Z,34b7daa1e1b0,O-1PST,3.3.9,219.16501,1.0,4
89441,Université de Thiès,3.3,5.5,6.4,3.3,5.5,6.4,413.368,30.82,52.79,425.46802,31.32,73.8,425.46802,200.69096,-59.4,2025-07-28T17:35:00.000Z,34b7daa1e1b0,O-1PST,3.3.9,196.818,1.0,5
89441,Université de Thiès,0.768,3.734,4.466,0.768,3.734,4.466,359.4,30.698,53.714,423.266,31.12,75.0,423.266,201.98776,-59.2,2025-07-28T17:40:00.000Z,34b7daa1e1b0,O-1PST,3.3.9,197.934,1.0,5
89441,Université de Thiès,0.732,3.434,3.934,0.732,3.434,3.934,320.166,30.554,54.654,423.466,30.96,76.2,423.466,183.16463,-59.2,2025-07-28T17:45:00.000Z,34b7daa1e1b0,O-1PST,3.3.9,183.134,1.0,5
89441,Université de Thiès,1.436,3.366,4.366,1.436,3.366,4.366,296.234,30.452,55.184002,422.066,30.84,76.8,422.066,201.16487,-58.8,2025-07-28T17:50:00.000Z,34b7daa1e1b0,O-1PST,3.3.9,197.4,1.0,5
89441,Université de Thiès,0.9175,2.7075,3.46,0.9175,2.7075,3.46,293.0425,30.475,55.13,421.8325,30.875,76.5,421.8325,226.57222,-59.0,2025-07-28T17:55:00.000Z,34b7daa1e1b0,O-1PST,3.3.9,217.47751,1.0,4
89441,Université de Thiès,1.0320001,2.834,2.966,1.0320001,2.834,2.966,276.266,30.486,55.086,423.934,30.9,76.8,423.934,242.95811,-58.4,2025-07-28T18:00:00.000Z,34b7daa1e1b0,O-1PST,3.3.9,228.6,1.0,5
89441,Université de Thiès,0.0,1.768,2.966,0.0,1.768,2.966,281.002,30.472,54.719997,421.932,30.859999,76.2,421.932,189.24805,-59.0,2025-07-28T18:05:00.000Z,34b7daa1e1b0,O-1PST,3.3.9,188.284,1.0,5
89441,Université de Thiès,0.232,2.366,2.9,0.232,2.366,2.9,256.934,30.424,54.476,427.066,30.8,76.0,427.066,237.96873,-59.4,2025-07-28T18:10:00.000Z,34b7daa1e1b0,O-1PST,3.3.9,224.3,1.0,5
89441,Université de Thiès,0.0,0.9,1.4,0.0,0.9,1.4,213.834,30.4,54.786,422.934,30.8,76.4,422.934,157.82185,-59.2,2025-07-28T18:15:00.000Z,34b7daa1e1b0,O-1PST,3.3.9,161.314,1.0,5
89441,Université de Thiès,0.0,1.0,2.085,0.0,1.0,2.085,222.91501,30.4,54.8975,419.8325,30.8,76.5,419.8325,135.8468,-60.25,2025-07-28T18:20:00.000Z,34b7daa1e1b0,O-1PST,3.3.9,141.45999,1.0,4
89441,Université de Thiès,0.0,1.2,1.97,0.0,1.2,1.97,244.73401,30.424,54.502,425.134,30.8,76.2,425.134,190.44879,-59.2,2025-07-28T18:25:00.000Z,34b7daa1e1b0,O-1PST,3.3.9,187.1,1.0,5
89441,Université de Thiès,0.0,1.232,2.532,0.0,1.232,2.532,214.3,30.407999,54.56,422.4,30.8,76.0,422.4,199.13837,-59.6,2025-07-28T18:30:00.000Z,34b7daa1e1b0,O-1PST,3.3.9,196.016,1.0,5
89441,Université de Thiès,0.0,1.2,1.8,0.0,1.2,1.8,209.168,30.4,54.842,420.198,30.8,76.4,420.198,167.2331,-59.2,2025-07-28T18:35:00.000Z,34b7daa1e1b0,O-1PST,3.3.9,169.384,1.0,5
89441,Université de Thiès,0.0,0.634,1.632,0.0,0.634,1.632,238.868,30.4,54.928,421.134,30.8,76.6,421.134,139.67468,-59.2,2025-07-28T18:40:00.000Z,34b7daa1e1b0,O-1PST,3.3.9,144.898,1.0,5
89441,Université de Thiès,0.0,0.875,1.1675,0.0,0.875,1.1675,214.83499,30.404999,54.6975,428.0825,30.8,76.25,428.0825,179.00174,-58.0,2025-07-28T18:45:00.000Z,34b7daa1e1b0,O-1PST,3.3.9,179.1225,1.0,4
89441,Université de Thiès,0.0,1.2,1.466,0.0,1.2,1.466,206.1,30.494,54.148,427.53198,30.9,75.6,427.53198,215.89958,-58.8,2025-07-28T18:50:00.000Z,34b7daa1e1b0,O-1PST,3.3.9,208.984,1.0,5
89441,Université de Thiès,0.0,0.5825,0.875,0.0,0.5825,0.875,206.2075,30.5075,54.0075,420.1675,30.9,75.5,420.1675,205.79356,-59.5,2025-07-28T18:55:00.000Z,34b7daa1e1b0,O-1PST,3.3.9,197.8975,1.0,4
89441,Université de Thiès,0.0,0.832,1.632,0.0,0.832,1.632,206.132,30.53,53.736,422.0,30.92,75.0,422.0,215.12834,-59.4,2025-07-28T19:00:00.000Z,34b7daa1e1b0,O-1PST,3.3.9,208.786,1.0,5
89441,Université de Thiès,0.066,0.666,0.9,0.066,0.666,0.9,180.798,30.504,53.772,417.534,30.9,75.0,417.534,129.54459,-59.6,2025-07-28T19:05:00.000Z,34b7daa1e1b0,O-1PST,3.3.9,135.15,1.0,5
89441,Université de Thiès,0.0,0.066,1.268,0.0,0.066,1.268,187.032,30.406,54.072,415.0,30.8,75.0,415.0,108.59174,-59.2,2025-07-28T19:10:00.000Z,34b7daa1e1b0,O-1PST,3.3.9,115.016,1.0,5
89441,Université de Thiès,0.0,1.1340001,1.9,0.0,1.1340001,1.9,212.198,30.342,53.934,416.934,30.74,75.2,416.934,115.682594,-59.0,2025-07-28T19:15:00.000Z,34b7daa1e1b0,O-1PST,3.3.9,122.034,1.0,5
89441,Université de Thiès,0.0,1.0425,1.9175,0.0,1.0425,1.9175,243.54,30.295,53.947502,417.5,30.675001,75.0,417.5,150.14264,-58.75,2025-07-28T19:20:00.000Z,34b7daa1e1b0,O-1PST,3.3.9,154.3125,1.0,4
89441,Université de Thiès,0.334,1.4679999,2.068,0.334,1.4679999,2.068,240.468,30.3,54.06,417.2,30.7,75.0,417.2,161.92484,-59.0,2025-07-28T19:25:00.000Z,34b7daa1e1b0,O-1PST,3.3.9,165.068,1.0,5
89441,Université de Thiès,0.1,1.166,1.898,0.1,1.166,1.898,212.902,30.216,54.196,417.334,30.6,75.6,417.334,130.59769,-59.2,2025-07-28T19:30:00.000Z,34b7daa1e1b0,O-1PST,3.3.9,135.8,1.0,5
89441,Université de Thiès,0.334,1.6,2.366,0.334,1.6,2.366,225.166,30.2,54.343998,417.866,30.6,76.0,417.866,141.23125,-59.8,2025-07-28T19:35:00.000Z,34b7daa1e1b0,O-1PST,3.3.9,145.15,1.0,5
89441,Université de Thiès,0.0,0.7,1.1,0.0,0.7,1.1,202.1,30.18,54.536,416.8,30.56,76.0,416.8,141.42577,-59.6,2025-07-28T19:40:00.000Z,34b7daa1e1b0,O-1PST,3.3.9,146.468,1.0,5
89441,Université de Thiès,0.0,1.0,1.568,0.0,1.0,1.568,205.3,30.152,54.818,417.268,30.52,76.2,417.268,135.75783,-59.4,2025-07-28T19:45:00.000Z,34b7daa1e1b0,O-1PST,3.3.9,141.316,1.0,5
89441,Université de Thiès,0.0,0.0,1.5,0.0,0.0,1.5,197.41501,30.119999,54.864998,417.16498,30.45,76.5,417.16498,117.140564,-58.5,2025-07-28T19:50:00.000Z,34b7daa1e1b0,O-1PST,3.3.9,123.5,1.0,4
89441,Université de Thiès,0.0,0.5,0.666,0.0,0.5,0.666,185.568,30.1,55.204,415.6,30.4,77.0,415.6,92.55407,-59.6,2025-07-28T19:55:00.000Z,34b7daa1e1b0,O-1PST,3.3.9,98.368,1.0,5
89441,Université de Thiès,0.0,0.3,0.466,0.0,0.3,0.466,152.166,30.084,55.466,414.4,30.4,77.0,414.4,81.96926,-59.2,2025-07-28T20:00:00.000Z,34b7daa1e1b0,O-1PST,3.3.9,87.032,1.0,5
89441,Université de Thiès,0.0,0.43199998,0.8,0.0,0.43199998,0.8,169.568,30.012001,55.45,414.8,30.34,77.0,414.8,75.66889,-58.8,2025-07-28T20:05:00.000Z,34b7daa1e1b0,O-1PST,3.3.9,80.166,1.0,5
89441,Université de Thiès,0.0,0.30200002,0.5,0.0,0.30200002,0.5,172.666,30.0,55.772,412.866,30.3,77.6,412.866,68.06018,-59.6,2025-07-28T20:10:00.000Z,34b7daa1e1b0,O-1PST,3.3.9,71.768,1.0,5
89441,Université de Thiès,0.0,0.398,0.798,0.0,0.398,0.798,177.234,29.93,55.824,413.2,30.24,77.6,413.2,70.471634,-59.0,2025-07-28T20:15:00.000Z,34b7daa1e1b0,O-1PST,3.3.9,74.532,1.0,5
89441,Université de Thiès,0.0,0.125,1.0024999,0.0,0.125,1.0024999,180.7075,29.9,55.9875,413.3325,30.2,78.0,413.3325,76.032776,-61.0,2025-07-28T20:20:00.000Z,34b7daa1e1b0,O-1PST,3.3.9,80.625,1.0,4
89441,Université de Thiès,0.0,0.598,1.066,0.0,0.598,1.066,168.2,29.916,56.006,413.066,30.220001,78.0,413.066,92.33639,-60.0,2025-07-28T20:25:00.000Z,34b7daa1e1b0,O-1PST,3.3.9,98.234,1.0,5
89441,Université de Thiès,0.034,0.2,0.366,0.034,0.2,0.366,156.234,29.924,56.192,412.534,30.220001,78.0,412.534,64.775566,-59.0,2025-07-28T20:30:00.000Z,34b7daa1e1b0,O-1PST,3.3.9,67.966,1.0,5
89441,Université de Thiès,0.0,0.366,0.634,0.0,0.366,0.634,175.3,29.907999,56.392,413.134,30.2,78.2,413.134,61.083256,-59.0,2025-07-28T20:35:00.000Z,34b7daa1e1b0,O-1PST,3.3.9,63.932,1.0,5
89441,Université de Thiès,0.0,0.30200002,0.934,0.0,0.30200002,0.934,179.866,29.874,56.93,415.868,30.18,79.0,415.868,49.39375,-59.4,2025-07-28T20:40:00.000Z,34b7daa1e1b0,O-1PST,3.3.9,50.35,1.0,5
89441,Université de Thiès,0.0,0.568,1.102,0.0,0.568,1.102,210.434,29.8,57.086,417.2,30.1,79.0,417.2,63.16332,-61.0,2025-07-28T20:45:00.000Z,34b7daa1e1b0,O-1PST,3.3.9,66.268,1.0,5
89441,Université de Thiès,0.125,1.04,1.3325,0.125,1.04,1.3325,205.5,29.76,57.165,416.8325,30.0,79.0,416.8325,65.44219,-59.0,2025-07-28T20:50:00.000Z,34b7daa1e1b0,O-1PST,3.3.9,68.854996,1.0,4
89441,Université de Thiès,0.0,0.268,0.666,0.0,0.268,0.666,164.6,29.718,56.97,415.2,30.0,79.0,415.2,73.30632,-59.2,2025-07-28T20:55:00.000Z,34b7daa1e1b0,O-1PST,3.3.9,77.682,1.0,5
89441,Université de Thiès,0.0,0.734,1.33,0.0,0.734,1.33,170.768,29.788,57.124,414.6,30.06,79.2,414.6,66.645256,-59.4,2025-07-28T21:00:00.000Z,34b7daa1e1b0,O-1PST,3.3.9,70.1,1.0,5
